TORNEO FutSala Ribera;FUTBOL
TORNEO FutSala Ribera;FUTBOL
TORNEO FutSala Ribera;FUTBOL
TORNEO FutSala Ribera;FUTBOL
TORNEO FutSala Ribera;FUTBOL
TORNEO FutSala Ribera;FUTBOL
TORNEO FutSala Ribera;FUTBOL
TORNEO FutSala Ribera;FUTBOL
TORNEO FutSala Ribera;FUTBOL
TORNEO FutSala Ribera;FUTBOL
TORNEO FutSala Ribera;FUTBOL
TORNEO FutSala Ribera;FUTBOL
TORNEO FutSala Ribera;FUTBOL
TORNEO FutSala Ribera;FUTBOL
TORNEO FutSala Ribera;FUTBOL
TORNEO FutSala Ribera;FUTBOL
TORNEO FutSala Ribera;FUTBOL
TORNEO FutSala Ribera;FUTBOL
TORNEO FutSala Ribera;FUTBOL
TORNEO FutSala Ribera;FUTBOL
TORNEO FutSala Ribera;FUTBOL
TORNEO FutSala Ribera;FUTBOL
TORNEO FutSala Ribera;FUTBOL
TORNEO FutSala Ribera;FUTBOL
TORNEO FutSala Ribera;FUTBOL
